{
  "annotations": {
    "list": []
  },
  "editable": true,
  "fiscalYearStartMonth": 0,
  "graphTooltip": 0,
  "id": null,
  "links": [],
  "liveNow": false,
  "panels": [
    {
      "datasource": {
        "type": "prometheus",
        "uid": "prometheus"
      },
      "fieldConfig": {
        "defaults": {
          "color": { "mode": "palette-classic" },
          "custom": { "hideFrom": { "legend": false, "tooltip": false, "viz": false } },
          "mappings": []
        },
        "overrides": []
      },
      "gridPos": { "h": 8, "w": 12, "x": 0, "y": 0 },
      "id": 1,
      "options": {
        "legend": { "displayMode": "list", "placement": "bottom", "showLegend": true }
      },
      "targets": [
        {
          "expr": "up{job=\"node\"}",
          "legendFormat": "{{ instance }}",
          "refId": "A"
        }
      ],
      "title": "Node up",
      "type": "stat"
    },
    {
      "datasource": { "type": "prometheus", "uid": "prometheus" },
      "fieldConfig": {
        "defaults": {
          "color": { "mode": "palette-classic" },
          "unit": "percent",
          "min": 0,
          "max": 100
        },
        "overrides": []
      },
      "gridPos": { "h": 8, "w": 12, "x": 12, "y": 0 },
      "id": 2,
      "options": {
        "legend": { "displayMode": "list", "placement": "bottom", "showLegend": true }
      },
      "targets": [
        {
          "expr": "100 - (avg by(instance) (irate(node_cpu_seconds_total{mode=\"idle\"}[5m])) * 100)",
          "legendFormat": "{{ instance }}",
          "refId": "A"
        }
      ],
      "title": "CPU usage by node",
      "type": "timeseries"
    }
  ],
  "schemaVersion": 38,
  "style": "dark",
  "tags": ["openstack", "pilot", "ceph"],
  "templating": { "list": [] },
  "time": { "from": "now-1h", "to": "now" },
  "timepicker": {},
  "timezone": "",
  "title": "OpenStack Ceph Pilot Overview",
  "uid": "pilot-overview",
  "version": 1,
  "weekStart": ""
}
